Workbook

Sheet EuroMillions
A1: Date | B1: Draw Day | C1: Entry ID | D1: N1 | E1: N2 | F1: N3 | G1: N4 | H1: N5 | I1: Star1 | J1: Star2 | K1: Ticket Cost | L1: Winnings | M1: Net (Winnings-Cost) | N1: Result Nums | O1: Result Stars | P1: Matched Main | Q1: Matched Stars | R1: Outcome (Win/Loss) | S1: Notes | T1: Cumulative Net
M2: =L2-K2 -> 0 | R2: =IF(M2>0,"Win",IF(M2<0,"Loss","Neutral")) -> Neutral | T2: =SUM($M$2:M2) -> 0
M3: =L3-K3 -> 0 | R3: =IF(M3>0,"Win",IF(M3<0,"Loss","Neutral")) -> Neutral | T3: =SUM($M$2:M3) -> 0
M4: =L4-K4 -> 0 | R4: =IF(M4>0,"Win",IF(M4<0,"Loss","Neutral")) -> Neutral | T4: =SUM($M$2:M4) -> 0
M5: =L5-K5 -> 0 | R5: =IF(M5>0,"Win",IF(M5<0,"Loss","Neutral")) -> Neutral | T5: =SUM($M$2:M5) -> 0
M6: =L6-K6 -> 0 | R6: =IF(M6>0,"Win",IF(M6<0,"Loss","Neutral")) -> Neutral | T6: =SUM($M$2:M6) -> 0
M7: =L7-K7 -> 0 | R7: =IF(M7>0,"Win",IF(M7<0,"Loss","Neutral")) -> Neutral | T7: =SUM($M$2:M7) -> 0
M8: =L8-K8 -> 0 | R8: =IF(M8>0,"Win",IF(M8<0,"Loss","Neutral")) -> Neutral | T8: =SUM($M$2:M8) -> 0
M9: =L9-K9 -> 0 | R9: =IF(M9>0,"Win",IF(M9<0,"Loss","Neutral")) -> Neutral | T9: =SUM($M$2:M9) -> 0
M10: =L10-K10 -> 0 | R10: =IF(M10>0,"Win",IF(M10<0,"Loss","Neutral")) -> Neutral | T10: =SUM($M$2:M10) -> 0
M11: =L11-K11 -> 0 | R11: =IF(M11>0,"Win",IF(M11<0,"Loss","Neutral")) -> Neutral | T11: =SUM($M$2:M11) -> 0
M12: =L12-K12 -> 0 | R12: =IF(M12>0,"Win",IF(M12<0,"Loss","Neutral")) -> Neutral | T12: =SUM($M$2:M12) -> 0
M13: =L13-K13 -> 0 | R13: =IF(M13>0,"Win",IF(M13<0,"Loss","Neutral")) -> Neutral | T13: =SUM($M$2:M13) -> 0
... M1000: =L1000-K1000 -> 0 | R1000: =IF(M1000>0,"Win",IF(M1000<0,"Loss","Neutral")) -> Neutral | T1000: =SUM($M$2:M1000) -> 0

Sheet UK Lotto
A1: Date | B1: Draw Day | C1: Entry ID | D1: N1 | E1: N2 | F1: N3 | G1: N4 | H1: N5 | I1: N6 | J1: Ticket Cost | K1: Winnings | L1: Net (Winnings-Cost) | M1: Result Nums | N1: Bonus Ball | O1: Matched Main | P1: Matched+Bonus | Q1: Outcome (Win/Loss) | R1: Notes | S1: Cumulative Net
L2: =K2-J2 -> 0 | Q2: =IF(L2>0,"Win",IF(L2<0,"Loss","Neutral")) -> Neutral | S2: =SUM($L$2:L2) -> 0
L3: =K3-J3 -> 0 | Q3: =IF(L3>0,"Win",IF(L3<0,"Loss","Neutral")) -> Neutral | S3: =SUM($L$2:L3) -> 0
L4: =K4-J4 -> 0 | Q4: =IF(L4>0,"Win",IF(L4<0,"Loss","Neutral")) -> Neutral | S4: =SUM($L$2:L4) -> 0
L5: =K5-J5 -> 0 | Q5: =IF(L5>0,"Win",IF(L5<0,"Loss","Neutral")) -> Neutral | S5: =SUM($L$2:L5) -> 0
L6: =K6-J6 -> 0 | Q6: =IF(L6>0,"Win",IF(L6<0,"Loss","Neutral")) -> Neutral | S6: =SUM($L$2:L6) -> 0
L7: =K7-J7 -> 0 | Q7: =IF(L7>0,"Win",IF(L7<0,"Loss","Neutral")) -> Neutral | S7: =SUM($L$2:L7) -> 0
L8: =K8-J8 -> 0 | Q8: =IF(L8>0,"Win",IF(L8<0,"Loss","Neutral")) -> Neutral | S8: =SUM($L$2:L8) -> 0
L9: =K9-J9 -> 0 | Q9: =IF(L9>0,"Win",IF(L9<0,"Loss","Neutral")) -> Neutral | S9: =SUM($L$2:L9) -> 0
L10: =K10-J10 -> 0 | Q10: =IF(L10>0,"Win",IF(L10<0,"Loss","Neutral")) -> Neutral | S10: =SUM($L$2:L10) -> 0
L11: =K11-J11 -> 0 | Q11: =IF(L11>0,"Win",IF(L11<0,"Loss","Neutral")) -> Neutral | S11: =SUM($L$2:L11) -> 0
L12: =K12-J12 -> 0 | Q12: =IF(L12>0,"Win",IF(L12<0,"Loss","Neutral")) -> Neutral | S12: =SUM($L$2:L12) -> 0
L13: =K13-J13 -> 0 | Q13: =IF(L13>0,"Win",IF(L13<0,"Loss","Neutral")) -> Neutral | S13: =SUM($L$2:L13) -> 0
... L1000: =K1000-J1000 -> 0 | Q1000: =IF(L1000>0,"Win",IF(L1000<0,"Loss","Neutral")) -> Neutral | S1000: =SUM($L$2:L1000) -> 0

Sheet Summary
A1: EURO LOTTO AI — Summary
A3: Metric | B3: EuroMillions | C3: UK Lotto | D3: All Games
A4: Total Entries | B4: =COUNTA(EuroMillions!A2:A1000) -> 0 | C4: =COUNTA('UK Lotto'!A2:A1000) -> 0 | D4: =B4+C4 -> 0
A5: Total Spent | B5: =SUM(EuroMillions!K2:K1000) -> 0 | C5: =SUM('UK Lotto'!J2:J1000) -> 0 | D5: =B5+C5 -> 0
A6: Total Winnings | B6: =SUM(EuroMillions!L2:L1000) -> 0 | C6: =SUM('UK Lotto'!K2:K1000) -> 0 | D6: =B6+C6 -> 0
A7: Net Result | B7: =SUM(EuroMillions!M2:M1000) -> 0 | C7: =SUM('UK Lotto'!L2:L1000) -> 0 | D7: =B7+C7 -> 0
A8: Win Rate | B8: =IF(B4=0,0,COUNTIF(EuroMillions!M2:M1000,">0")/B4) -> 0 | C8: =IF(C4=0,0,COUNTIF('UK Lotto'!L2:L1000,">0")/C4) -> 0 | D8: =IF(B4+C4=0,0,(B8*B4+C8*C4)/(B4+C4)) -> 0
A9: Avg. Net per Entry | B9: =IF(B4=0,0,B7/B4) -> 0 | C9: =IF(C4=0,0,C7/C4) -> 0 | D9: =IF(D4=0,0,D7/D4) -> 0

Sheet Parameters
A1: Parameter | B1: EuroMillions | C1: UK Lotto | D1: Notes
A2: Default Ticket Cost | B2: 2.5 | C2: 2 | D2: Edit if needed
A3: Currency | B3: £ | C3: £ | D3: Display only

Sheet Dashboard
A1: EURO LOTTO AI — Performance Dashboard
B4: Total Entries | E4: Total Spent | H4: Total Winnings | K4: Net Result
B6: =Summary!D4 -> 0 | E6: =Summary!D5 -> 0 | H6: =Summary!D6 -> 0 | K6: =Summary!D7 -> 0
E10: Financials | I10: Cumulative Net — EuroMillions
B11: Win Rate (All) | E11: Metric | F11: EuroMillions | G11: UK Lotto
E12: Total Spent | F12: =Summary!B5 -> 0 | G12: =Summary!C5 -> 0
B13: =Summary!D8 -> 0 | E13: Total Winnings | F13: =Summary!B6 -> 0 | G13: =Summary!C6 -> 0
E14: Net Result | F14: =Summary!B7 -> 0 | G14: =Summary!C7 -> 0
A29: Outcomes (All Games) | E29: Cumulative Net — UK Lotto
A31: Win | B31: =COUNTIF(EuroMillions!R2:R1000,"Win")+COUNTIF('UK Lotto'!Q2:Q1000,"Win") -> 0
A32: Loss | B32: =COUNTIF(EuroMillions!R2:R1000,"Loss")+COUNTIF('UK Lotto'!Q2:Q1000,"Loss") -> 0
A33: Neutral | B33: =COUNTIF(EuroMillions!R2:R1000,"Neutral")+COUNTIF('UK Lotto'!Q2:Q1000,"Neutral") -> 1998
