Workbook

Sheet Entries
B2: POWER PREDICTA AI
B3: PRO TRACKER
A5: Entry_ID | B5: Date | C5: Draw No. | D5: M1 | E5: M2 | F5: M3 | G5: M4 | H5: M5 | I5: M6 | J5: M7 | K5: PB | L5: Cost_AUD | M5: Prize_AUD | N5: Fees_AUD | O5: Net_AUD | P5: Strategy_Tag | Q5: Notes
A6: 1 | B6: 46037 | C6: 1548 | D6: 1 | E6: 3 | F6: 10 | G6: 12 | H6: 17 | I6: 28 | J6: 32 | K6: 8 | L6: 5.6 | M6: 0 | N6: 0.68 | O6: =M6-N6-L6 -> -6.28 | P6: Random | Q6: First trial using PowerPlay
A7: 2 | B7: 46044 | C7: 1549 | D7: 6 | E7: 8 | F7: 13 | G7: 19 | H7: 22 | I7: 27 | J7: 31 | K7: 5 | L7: 5.6 | M7: 11.6 | N7: 0.68 | O7: =M7-N7-L7 -> 5.32 | P7: Manual | Q7: Matched 2 numbers + PB
O8: =M8-N8-L8 -> 0
O9: =M9-N9-L9 -> 0
O10: =M10-N10-L10 -> 0
O11: =M11-N11-L11 -> 0
O12: =M12-N12-L12 -> 0
O13: =M13-N13-L13 -> 0
O14: =M14-N14-L14 -> 0
O15: =M15-N15-L15 -> 0
O16: =M16-N16-L16 -> 0
O17: =M17-N17-L17 -> 0
O18: =M18-N18-L18 -> 0
O19: =M19-N19-L19 -> 0
... O1005: =M1005-N1005-L1005 -> 0

Sheet Summary
A1: Metric | B1: Value | C1: Notes
A2: Total Entries | B2: =COUNTA(Entries!A:A)-1 -> 2
A3: Total Cost (AUD) | B3: =SUM(Entries!L:L) -> 11.2
A4: Total Prize (AUD) | B4: =SUM(Entries!M:M) -> 11.6
A5: Total Fees (AUD) | B5: =SUM(Entries!N:N) -> 1.36
A6: Net Result (AUD) | B6: =SUM(Entries!O:O) -> -0.96
A7: ROI (%) | B7: =IFERROR(SUM(Entries!O:O)/SUM(Entries!L:L),0) -> -0.085714286
A8: Positive Games | B8: =COUNTIF(Entries!O:O,">0") -> 1
A9: Negative Games | B9: =COUNTIF(Entries!O:O,"<0") -> 1
A10: Break-even Games | B10: =COUNTIF(Entries!O:O,"=0") -> 998
A11: Win Rate | B11: =IFERROR(COUNTIF(Entries!M:M,">0")/(COUNTA(Entries!A:A)-1),0) -> 0.5
A15: KPI | B15: Value
A16: Total Cost (AUD) | B16: =B3 -> 11.2
A17: Total Prize (AUD) | B17: =B4 -> 11.6
A18: Net Result (AUD) | B18: =B6 -> -0.96
A21: Outcome | B21: Count
A22: Positive Games | B22: =B8 -> 1
A23: Negative Games | B23: =B9 -> 1
A24: Break-even Games | B24: =B10 -> 998

Sheet Parameters
A1: Parameter | B1: Value | C1: Description
A2: Default_Cost_Standard | B2: 1.4 | C2: Default cost per standard entry (1 line).
